peptide,target_value,allele
NILGFTFDI,0,HLA-A02:01
GAFMRPITLK,0,HLA-A11:01
AEVSVLYTV,0,HLA-B44:02
FSDQAEVSVL,0,HLA-C05:01
ASFCGAVFCKY,0,HLA-B15:01
LFNDMKVFSPF,0,HLA-A23:01
RMFLRFQKK,0,HLA-A03:01
SALANPIGK,0,HLA-A11:01
STMHILTRI,0,HLA-A02:01
TLDQSTMHI,0,HLA-A02:01
LLRPTLDQSTM,0,HLA-B15:01
NLEPSGLVPKY,0,HLA-A01:01
GFFKGPPVSF,0,HLA-A23:01
VEYTGHSLEI,0,HLA-B44:02
YRHVHLRSF,0,HLA-B27:05
RLVLQLLEL,0,HLA-A02:01
RSGSAHEYSF,0,HLA-A23:01
EEGWDAVMDW,0,HLA-B44:02
REEGWDAVMDW,0,HLA-B44:02
LLAAGLGRA,0,HLA-A02:01
GLLAAGLGR,0,HLA-A03:01
NPRMKPQM,0,HLA-B08:01
RISASCATR,0,HLA-A11:01
FLSNMKSRL,0,HLA-B08:01
LEREIPLNQPF,0,HLA-B15:01
REIPLNQPF,0,HLA-B15:01
SFIENFSAL,0,HLA-A23:01
SWMKEICGI,0,HLA-A23:01
GVYTKEFLY,0,HLA-A03:01
FYQPQGIPSF,0,HLA-A23:01
QFYQPQGIPSF,0,HLA-A23:01
YQPQGIPSF,0,HLA-A23:01
MLNTSVPNYM,0,HLA-A02:01
GMLNTSVPNY,0,HLA-A03:01
MLNTSVPNY,0,HLA-A03:01
MLNTSVPNY,0,HLA-A03:01
ESMGEGFFGY,0,HLA-A26:01
GEGFFGYPL,0,HLA-B44:02
YIIFFVLVIF,0,HLA-B15:01
AMVHYLMIL,0,HLA-A02:01
LMILSANWAYV,0,HLA-A02:01
LMILSANWAY,0,HLA-B15:01
YLMILSANWAY,0,HLA-B15:01
RLIGLMMTA,0,HLA-A02:01
HRDRLIGLMM,0,HLA-B27:05
SLHAHGLSYK,0,HLA-A03:01
FIYLFVTET,0,HLA-A02:01
FIYLFVTETK,0,HLA-A03:01
TDTGVHATLK,0,HLA-A11:01
KLYGLDWAEL,0,HLA-A02:01
SPIIRAAYL,0,HLA-B08:01
TMHLRSPII,0,HLA-B08:01
CSFRGSGSLSY,0,HLA-A01:01
FSSSFPKPPSF,0,HLA-B15:01
ALNPTSGSL,0,HLA-B15:01
MEEEHCAPH,0,HLA-B44:02
RERHHQPQTY,0,HLA-B15:01
KQKVSLLFDHL,0,HLA-B15:01
LIYELYVSEL,0,HLA-A02:01
NQLIYELYV,0,HLA-A02:01
MLENYGNLVF,0,HLA-A01:01
NYGNLVFLGL,0,HLA-A23:01
VMLENYGNLVF,0,HLA-A23:01
KELEKRMLHW,0,HLA-B44:02
AFFLPPGEGLF,0,HLA-A23:01
LLAKQLYRV,0,HLA-A02:01
KQLYRVFQK,0,HLA-A11:01
AELLAKQLY,0,HLA-B44:02
VLLFVAVWL,0,HLA-A02:01
QMAFSSSQSLY,0,HLA-A01:01
EWFQLDISF,0,HLA-A23:01
KEWFQLDISF,0,HLA-A23:01
TFLPDPGDF,0,HLA-A23:01
ELESSNDSY,0,HLA-A01:01
KTDTGVHATLK,0,HLA-A11:01
YTLSQCFQL,0,HLA-A02:01
QTYTLSQCF,0,HLA-B15:01
QICERIPTI,0,HLA-A02:01
FLLDETEVSV,0,HLA-A02:01
FLAFTGVAGYI,0,HLA-A02:01
YVQCFLAFT,0,HLA-A02:01
KLYESFYGP,0,HLA-A02:01
KLYESFYGPEK,0,HLA-A03:01
KMVSSTHYYL,0,HLA-A23:01
KMVSSTHYYLL,0,HLA-A23:01
FRLLRYQPL,0,HLA-B08:01
LLDPFQKKLY,0,HLA-A01:01
KLVVVGAAGV,0,HLA-A02:01
VVGAAGVGK,0,HLA-A11:01
VVVGAAGVGK,0,HLA-A11:01
TSARTENFK,0,HLA-A03:01
IMKNMMKLEL,0,HLA-B08:01
MKNMMKLEL,0,HLA-B08:01
GSPLFPVIY,0,HLA-A01:01
KPMEAVTVAV,0,HLA-B07:02
LIIENRYAV,0,HLA-A02:01
YLIIENRYA,0,HLA-A02:01
YLIIENRYAV,0,HLA-A02:01
NRYAVQDFL,0,HLA-B27:05
NRYAVQDFLH,0,HLA-B27:05
IENRYAVQDF,0,HLA-B44:02
KTDTGVHATL,1,HLA-C05:01
SSFPKPPSF,0,HLA-B15:01
EYQDMHSYI,0,HLA-A24:02
AEYQDMHSY,1,HLA-B44:02
RPLSKTRNPA,0,HLA-B08:01
RFLCIDSAL,0,HLA-A23:01
QIIPGTGNKF,0,HLA-A26:01
DTLAIWTSSF,0,HLA-A26:01
DTLAIWTSSFF,0,HLA-A26:01
TLAIWTSSFF,0,HLA-A26:01
SLLSLPLSL,0,HLA-A02:01
EAKRTKSSL,0,HLA-B08:01
FTDRERHCF,0,HLA-A01:01
ALSIGTSYRY,0,HLA-B15:01
LALSIGTSY,0,HLA-B15:01
LSIGTSYRY,0,HLA-B15:01
QLALSIGTSY,0,HLA-B15:01
YQLALSIGTSY,0,HLA-B15:01
FNSVRKRMSV,0,HLA-B08:01
NSVRKRMSV,0,HLA-B08:01
WVCVVLSPY,0,HLA-A01:01
WVCVVLSPY,0,HLA-A26:01
FLNSFQEL,0,HLA-A02:01
GLTFKDVTV,0,HLA-A02:01
RHSPAPFSKF,0,HLA-A24:02
APFSKFSTF,0,HLA-B08:01
LLFTDQHGL,0,HLA-A02:01
LLFTDQHGLV,0,HLA-A02:01
SFLIAAFLNL,0,HLA-A23:01
FMKDGLTGA,0,HLA-A02:01
ITGALVLFMK,0,HLA-A03:01
AQILHFQNPGY,0,HLA-B15:01
ILHFQNPGY,0,HLA-B15:01
YSNAQILHF,0,HLA-B15:01
KLHLRSGEL,0,HLA-B08:01
NPKVFKLHL,0,HLA-B08:01
KLLSFHSV,1,HLA-A02:01
KLLSFHSVFT,0,HLA-A02:01
LLSFHSVFT,0,HLA-A02:01
DYIGIISFPDF,0,HLA-A23:01
LSVSDSHVYK,0,HLA-A11:01
SVSDSHVYK,0,HLA-A11:01
SVSDSHVYKY,0,HLA-A11:01
VSDSHVYKY,0,HLA-C05:01
PSNTTQEQVY,0,HLA-A01:01
YVVRGHTSL,0,HLA-A26:01
YVVRGHTSLA,0,HLA-A26:01
CLYVVRGHTSL,0,HLA-B08:01
LYVVRGHTSL,0,HLA-B08:01
YVVRGHTSL,0,HLA-B08:01
NLINEAMDV,0,HLA-A02:01
EVKIKVFGLF,0,HLA-A26:01
EVKIKVFGL,0,HLA-B08:01
KTCNTQVHLY,0,HLA-A01:01
LYPKRLNHKY,0,HLA-A23:01
LLFGPSCAL,0,HLA-A02:01
FQANFSQTW,0,HLA-B15:01
QGDVVVSMYY,0,HLA-A01:01
SMYYLRSTI,0,HLA-B08:01
VSMYYLRSTI,0,HLA-B08:01
CPLQCFQPRL,0,HLA-B07:02
KMWAGKKLA,0,HLA-A02:01
ESDKTPWFW,0,HLA-A01:01
DESDKTPWF,0,HLA-B44:02
DESDKTPWFW,0,HLA-B44:02
LPSPHPSSL,0,HLA-B08:01
KLADFGLAC,0,HLA-A02:01
KLADFGLACA,0,HLA-A02:01
GPSPSSEAL,0,HLA-B07:02
RRHIEIRDK,0,HLA-B27:05
MWTALVLIYI,0,HLA-A23:01
MWTALVLIYIF,0,HLA-A23:01
TALVLIYIF,0,HLA-A23:01
WTALVLIYIF,0,HLA-A23:01
SLMTPNTITMI,0,HLA-A02:01
YIYNPSLAL,0,HLA-A02:01
FYMFLTIIIL,0,HLA-A23:01
FYMFLTIIILL,0,HLA-A23:01
MFLTIIILL,0,HLA-A23:01
FLDEGFSGL,0,HLA-A02:01
STTLATLVLPY,0,HLA-A01:01
TTLATLVLPY,0,HLA-A01:01
YTLTKLVLPY,0,HLA-A01:01
STTLATLVLPY,0,HLA-A26:01
TTLATLVLPY,0,HLA-A26:01
SEEPLCPPL,0,HLA-B44:02
LLFGVSALGK,0,HLA-A03:01
YLWAAQAEK,0,HLA-A03:01
HLRIYTGEKPY,0,HLA-B15:01
GENQYSKSSKF,0,HLA-B44:02
DESIPPVFFW,0,HLA-B44:02
LVIGTTFHVY,0,HLA-A01:01
TTFHVYPDLY,0,HLA-A01:01
LLLVIGTTF,0,HLA-A23:01
QFMNYFCAL,0,HLA-A23:01
LYTNWYLESLF,0,HLA-A24:02
ESEPYTFSY,0,HLA-A01:01
SMLSYRFVDI,0,HLA-A23:01
LLCSSCWDF,0,HLA-B15:01
LFFPLIHRV,0,HLA-A23:01
SMWLFFPLI,0,HLA-A23:01
FLNDASACV,0,HLA-A02:01
AYNLSSDKF,0,HLA-A23:01
FAYNLSSDKF,0,HLA-A23:01
VFAYNLSSDKF,0,HLA-A23:01
SLMTPNTITM,0,HLA-A02:01
DTFFQMLGF,0,HLA-A26:01
LLLNGLGLA,0,HLA-A02:01
FLKGLSHLY,0,HLA-A01:01
IYFLKGLSHLY,0,HLA-A23:01
LYILNLESNGF,0,HLA-A23:01
YFLKGLSHLY,0,HLA-A23:01
AQAPSLWGA,0,HLA-A02:01
IFRNVRLAWF,0,HLA-A23:01
LTVDYATFY,0,HLA-A01:01
WMQLRPTEPLL,0,HLA-B08:01
GLSFHLQSSK,0,HLA-A03:01
QLSSVRCYV,0,HLA-A02:01
TIITQLSSV,0,HLA-A02:01
SVRCYVPSCLK,0,HLA-A11:01
TMMCVSRNEL,0,HLA-A02:01
NIDINMADKY,0,HLA-A01:01
AEQQGACPGL,0,HLA-B44:02
ALYKVEINK,0,HLA-A03:01
AQAPNNYRCF,0,HLA-B15:01
HLKDNLIKL,0,HLA-B08:01
AINRPTVLK,1,HLA-A03:01
LLFYGAVIEV,0,HLA-A02:01
NNRRLYKKVV,0,HLA-B08:01
YLLQKLSCL,0,HLA-A02:01
IQANALPLM,0,HLA-B15:01
TILGEFQYFK,0,HLA-A68:01
LESLSAESY,0,HLA-B15:01
GFYPPRAKL,0,HLA-A23:01
AYGNNCDGI,0,HLA-A24:02
RGRMQTASL,1,HLA-B07:02
EEQCLQWDL,0,HLA-B44:02
EEQCLQWDLY,0,HLA-B44:02
REEQCLQW,0,HLA-B44:02
RMELKPLCVY,0,HLA-A01:01
MELKPLCVY,0,HLA-B44:02
ALDKNLHQL,0,HLA-A02:01
ASSSGTRLY,0,HLA-A01:01
LYRGYVEEATL,0,HLA-A23:01
LMKKRDNL,0,HLA-B08:01
QLKEHWNHL,0,HLA-B08:01
GLFRVTPEIPV,0,HLA-A02:01
LLDSLPMDV,0,HLA-A02:01
FTIAHVKPSI,0,HLA-A26:01
FTIAHVKPSIM,0,HLA-A26:01
FTIAHVKPSI,0,HLA-B08:01
FWRHIPVSWL,0,HLA-A23:01
FWRHIPVSWLI,0,HLA-A23:01
LFWRHIPVSW,0,HLA-A23:01
LYKDLLHKIYI,0,HLA-A23:01
GFSSSTTFTSW,0,HLA-A23:01
HLMNIAIIA,0,HLA-A02:01
QPRSIYLSI,0,HLA-B08:01
HFHVHRYLI,0,HLA-A23:01
IHFHVHRYLI,0,HLA-A23:01
SLHPSAPFL,0,HLA-A02:01
LTFEARLCY,0,HLA-A01:01
KYVGVQLPL,0,HLA-A23:01
QFFEDLASI,0,HLA-A23:01
RFTTSKLQF,0,HLA-A23:01
LFYLGSSTAF,0,HLA-B15:01
YTWEQMGLR,0,HLA-A68:01
NSVLLLYYRY,0,HLA-A01:01
PNSVLLLYY,0,HLA-A01:01
FVRLQLTFEK,0,HLA-A68:01
RLLRPIYDYL,0,HLA-A02:01
RLLRPIYV,0,HLA-A02:01
RLLRPIYDY,0,HLA-A11:01
VQDPNDRLL,0,HLA-C05:01
LFLRQVSEF,0,HLA-A23:01
HSPCALYEY,0,HLA-A01:01
LADSNLLEV,0,HLA-A01:01
FVPPVSPPSY,0,HLA-B15:01
PLSPNIWMY,0,HLA-A01:01
SPNIWMYIL,0,HLA-B08:01
HTLHESWSF,0,HLA-A23:01
RIHTSVKLY,0,HLA-A03:01
FLQPPPHQF,0,HLA-A23:01
HFLQPPPHQF,0,HLA-A23:01
VEHINISQDW,1,HLA-B44:02
LQDSGLWFPV,0,HLA-A02:01
EEQSRTAGY,0,HLA-B44:02
WVAPDSHIF,0,HLA-B15:01
HMIQRIFFI,0,HLA-A23:01
EAFAASAVGSR,0,HLA-A68:01
FAASAVGSR,0,HLA-A68:01
FGKVCSSVCSL,0,HLA-B08:01
ILNASNVKTF,0,HLA-B15:01
RLESLSAESY,0,HLA-B15:01
CMFYTLLIW,0,HLA-A23:01
FYTLLIWRPPF,0,HLA-A23:01
YTLLIWRPPF,0,HLA-A23:01
MPAKHHPDL,0,HLA-B08:01
YRKELNQCLSL,0,HLA-B08:01
SVFTSVRRK,0,HLA-A03:01
FQLRTADWHL,0,HLA-A02:01
RTADWHLYL,0,HLA-A02:01
LRTADWHLY,0,HLA-B27:05
LRTADWHLYL,0,HLA-B27:05
TADWHLYLF,0,HLA-C05:01
YILDRESPL,0,HLA-A02:01
HVVCFIGML,0,HLA-A26:01
FIGMLRFVNL,0,HLA-B08:01
HMDEVLIPF,0,HLA-A23:01
FSRTHSAFFY,0,HLA-A01:01
FSRTHSAFF,0,HLA-B08:01
LLSLLGRLLVY,0,HLA-A01:01
LSLLGRLLVY,0,HLA-A01:01
LLGRLLVYQF,0,HLA-A23:01
SLLGRLLVYQF,0,HLA-A23:01
RFYLEYDRL,0,HLA-A23:01
QEMNALSGSW,0,HLA-B44:02
YLNEAVFNF,0,HLA-A02:01
IVYPTPTPI,0,HLA-A02:01
CSTVKDFSY,0,HLA-A01:01
SYAKQLFAACL,0,HLA-A23:01
ALVNQQFLCV,0,HLA-A02:01
EVMKSSGLY,0,HLA-A26:01
DEVMKSSGLY,0,HLA-B44:02
YLLIHGTAV,0,HLA-A02:01
GMLPSNYV,0,HLA-A02:01
GMLPSNYVEAI,0,HLA-A02:01
MLPSNYVEA,0,HLA-A02:01
MLPSNYVEAI,0,HLA-A02:01
FFQRELWQV,0,HLA-A23:01
SVRMEAGFSM,0,HLA-B08:01
KRCPGRFVY,0,HLA-B27:05
SLRIEKFFVF,0,HLA-B08:01
LSSINIQLLA,0,HLA-A01:01
SSINIQLLA,0,HLA-A01:01
SLSNFPQLK,0,HLA-A03:01
MAHVSVVPVF,0,HLA-B15:01
SMAHVSVVPVF,0,HLA-B15:01
ILTTRIHKL,0,HLA-B08:01
FNVLFDRLSKL,0,HLA-A02:01
VLFDRLSKL,0,HLA-A02:01
VLFDRLSKLA,0,HLA-A02:01
VLFDRLSK,0,HLA-A03:01
VLFDRLSK,0,HLA-A03:01
YQSPDLSKV,0,HLA-A02:01
FSSSSGPRSFY,0,HLA-A01:01
ALSPVIPHI,0,HLA-A02:01
KSDSVTSDCGY,0,HLA-A01:01
KVWAVTEEV,0,HLA-A02:01
KLLEGQPVLL,0,HLA-A02:01
KRRPSGFFLF,0,HLA-B27:05
RRPSGFFL,0,HLA-B27:05
RRPSGFFLF,0,HLA-B27:05
LLKAGWQNLV,0,HLA-A02:01
VLLKAGWQNL,0,HLA-A02:01
VLLKAGWQNL,0,HLA-A02:01
IYVFMAVTF,0,HLA-A23:01
LMIYVFMAVTF,0,HLA-A23:01
MIYVFMAVTF,0,HLA-A23:01
FLFQEECWHL,0,HLA-A02:01
FSDCEIFY,0,HLA-A01:01
QYNINSLHFCL,0,HLA-A23:01
RSFSEVFLV,0,HLA-A02:01
GSNNLILIY,0,HLA-A11:01
ILIYWNPFHR,0,HLA-A11:01
LIYWNPFHR,0,HLA-A11:01
DTCQGAFMY,0,HLA-A01:01
YLFIKDNEI,0,HLA-A02:01
QSIWSRLQK,0,HLA-A68:01
TPGTRGPI,0,HLA-B07:02
DTLFLLQFTLF,0,HLA-A26:01
DMLVWRWTKL,0,HLA-B08:01
MLVWRWTKL,0,HLA-B08:01
WRWTKLSSF,0,HLA-B08:01
WSFPYEFLY,0,HLA-A01:01
PMSPEAHHF,0,HLA-A23:01
YVQRGMGAL,0,HLA-A26:01
RMGQTVIAV,0,HLA-A02:01
TVIAVASSMR,0,HLA-A11:01
VIAVASSMR,0,HLA-A11:01
SRMGQTVIAV,0,HLA-B27:05
KLLLRHGGNL,0,HLA-B08:01
LLLRHGGNL,0,HLA-B08:01
HLIGGIQVL,0,HLA-A02:01
LADFGALHWA,0,HLA-A01:01
SVLSALFSI,0,HLA-A02:01
SEVAVSVLSA,0,HLA-B44:02
SENNWAVGHKV,0,HLA-B44:02
SVMENISSIM,0,HLA-A26:01
SELCPYNSV,0,HLA-B44:02
FLDPDLTNI,1,HLA-A02:01
TLAECGGHVEL,0,HLA-A02:01
EENSTGSLY,0,HLA-B44:02
PSFSGSRCELY,0,HLA-A01:01
FLREYLYVYKI,0,HLA-A02:01
YLYVYKIV,0,HLA-A02:01
YLYVYKIVSQ,0,HLA-A02:01
YLYVYKIVSQL,0,HLA-A02:01
YVYKIVSQL,0,HLA-A02:01
REYLYVYKI,0,HLA-B44:02
GLRERMGLSY,0,HLA-B15:01
GLSYCLPPTF,0,HLA-B15:01
LSYCLPPTF,0,HLA-B15:01
FISGTFGLK,0,HLA-A68:01
GEQPFISGTF,0,HLA-B44:02
RMPKLLKSLF,0,HLA-A24:02
ISVATFLPY,0,HLA-A01:01
SPLHRHNVF,0,HLA-B08:01
ATRRPVWKLVK,0,HLA-A03:01
KSATRRPVWK,0,HLA-A03:01
STLFRVVVAK,0,HLA-A03:01
TLFRVVVAK,0,HLA-A03:01
RPVWKLVKV,0,HLA-B07:02
LRMNQSQFI,0,HLA-C06:02
LRMNQSQFIQ,0,HLA-C06:02
YVADGSATEM,0,HLA-A26:01
RSAQKMFTY,0,HLA-A01:01
SEQMDVAFQV,0,HLA-A02:01
WLKKYNSGDDL,0,HLA-B08:01
MLDIIKAIY,0,HLA-A01:01
CVIDAAVLLK,0,HLA-A03:01
VIDAAVLLK,0,HLA-A03:01
LYDFFPDQNF,0,HLA-A23:01
YDFFPDQNF,0,HLA-A23:01
SLKTLMSHY,0,HLA-B15:01
SSLKTLMSHY,0,HLA-B15:01
ILTDIEEKV,0,HLA-A02:01
WLIDMKSLV,0,HLA-A02:01
WLIDMKSLVM,0,HLA-A02:01
GLYGNLIVL,1,HLA-A02:01
KLHVSVEAFV,0,HLA-A02:01
SVEAFVCHRK,0,HLA-A03:01
SPWKDGDEL,0,HLA-B07:02
KIYTGEKPYK,1,HLA-A03:01
YMPGVGDFA,0,HLA-A02:01
YMPGVGDFAV,0,HLA-A02:01
AEVAKNCGIAI,0,HLA-B44:02
LLDNGTLTI,0,HLA-A02:01
IYWKKDKVQI,0,HLA-A23:01
IIVRNATFTW,0,HLA-B57:01
IVRNATFTW,0,HLA-B57:01
RLFSALNSHK,0,HLA-A03:01
MSFQQVQR,0,HLA-A68:01
RLMGINSTA,0,HLA-A02:01
RLMGINSTAA,0,HLA-A02:01
VSFVRINSL,0,HLA-B08:01
SLFALGNVISA,0,HLA-A02:01
SLFALGNVI,0,HLA-B15:01
LLQVCWLQSA,0,HLA-A02:01
LQVCWLQSA,0,HLA-A02:01
AVRVLFPGIK,0,HLA-A03:01
GIKAHPVLK,0,HLA-A03:01
RVLFPGIK,0,HLA-A03:01
FPGIKAHPV,0,HLA-B08:01
LLDEPSAHLY,0,HLA-A01:01
GLSKYRPAI,0,HLA-A02:01
VLFSNESSL,0,HLA-A02:01
ETDLQPFWEA,0,HLA-A01:01
VETDLQPFW,0,HLA-B44:02
SLHDLTDGV,0,HLA-A02:01
DTERLPTSY,0,HLA-A01:01
FLSEFAGTQL,0,HLA-A02:01
YSKRVHPMNPM,0,HLA-B08:01
MWAISPNNRL,0,HLA-A23:01
MWAISPNNRLI,0,HLA-A23:01
RPVGGRPGW,0,HLA-B07:02
VRINTARPV,1,HLA-C06:02
MLFARHLREV,0,HLA-A02:01
SMLFARHLREV,0,HLA-A02:01
RSMLFARHLR,0,HLA-A11:01
SMLFARHLR,0,HLA-A11:01
RRSMLFAR,0,HLA-B27:05
RRSMLFARH,1,HLA-B27:05
RRSMLFARHL,0,HLA-B27:05
APKVEADESL,0,HLA-B07:02
LLFKAGEMRK,0,HLA-A03:01
DEMTFYIWY,0,HLA-B44:02
MDEMTFYIW,0,HLA-B44:02
YMKYVTVYNF,0,HLA-B08:01
VEKSELWMY,0,HLA-B44:02
ELRKKSWKKL,0,HLA-B08:01
AISDSLLWKY,0,HLA-A01:01
ISDSLLWKY,1,HLA-A01:01
LWKYSCVIL,0,HLA-A23:01
RLMDSAQVA,0,HLA-A02:01
ALHEEVVCV,0,HLA-A02:01
VPTLGRGGW,0,HLA-B07:02
SLKTNQTLQLK,0,HLA-A03:01
ALKCRVALSL,0,HLA-B08:01
HLFDIQGLPK,1,HLA-A03:01
LLFSRLVSF,0,HLA-B08:01
LLLFSRLVSF,0,HLA-B08:01
FLVYGVRPGM,0,HLA-A02:01
KLFEFLVYGV,0,HLA-A02:01
FLVYGVRPGM,0,HLA-B15:01
MIDNETLLVEY,0,HLA-A01:01
EMASVLFKA,0,HLA-A02:01
EMASVLFK,0,HLA-A68:01
FVLASLCLYV,0,HLA-A02:01
FVLASLCLYVV,0,HLA-A02:01
SLCLYVVVGV,0,HLA-A02:01
VLASLCLYV,0,HLA-A02:01
VLASLCLYVV,0,HLA-A02:01
GLKDLLNPI,0,HLA-A02:01
NLWPVPHGLK,0,HLA-A11:01
QLLKFIPSL,0,HLA-A02:01
FLDKFMEAV,0,HLA-A02:01
FLPKQGQIFCL,0,HLA-A02:01
SYLRYVSRKF,0,HLA-A23:01
GTAKSQFFKY,0,HLA-A01:01
KLNPSQNVV,0,HLA-A02:01
EYRNSMPAF,0,HLA-A23:01
EYRNSMPAFSF,0,HLA-A23:01
GEIFAQRVSW,0,HLA-B44:02
REMLKRQERF,0,HLA-B44:02
RTGKGQPCNK,0,HLA-A03:01
HQMLLQTCQDF,0,HLA-B15:01
MLLQTCQDF,0,HLA-B15:01
RLSEVMARM,0,HLA-A02:01
KLKEHLGFAV,0,HLA-A02:01
KLKNKQQQL,0,HLA-B08:01
HLHVHSKTM,0,HLA-B08:01
ISEYVSVRFY,0,HLA-A01:01
FLRHMCHFTEV,0,HLA-A02:01
KLYKCKVCDK,0,HLA-A03:01
FALGNVISA,0,HLA-A02:01
FALGNVISAL,0,HLA-A02:01
KINLSLFAL,0,HLA-A02:01
SLFALGNVI,0,HLA-A02:01
RLPGLILYTL,0,HLA-A02:01
ILYTLRMIMAK,0,HLA-A03:01
LPGLILYTL,0,HLA-B07:02
NLFKRLMIV,0,HLA-B08:01
ELTQGYIYFY,0,HLA-A01:01
LTQGYIYFY,0,HLA-A01:01
TLWEQFLEK,0,HLA-A03:01
VICCRVTRL,0,HLA-B08:01
WLVDFFSPWC,0,HLA-A02:01
ALLPPPPLAK,0,HLA-A03:01
LLPPPPLAK,0,HLA-A03:01
LGYSKRVHPM,0,HLA-B08:01
SKRVHPMNPM,0,HLA-B08:01
TLAGKPLSL,0,HLA-B08:01
AYYFMVKVW,0,HLA-A24:02
RVVSGAYYF,0,HLA-A24:02
GELPSSLQV,0,HLA-B44:02
SEAGELPSSL,0,HLA-B44:02
FSAKAGPAR,0,HLA-A68:01
QFSAKAGPAR,0,HLA-A68:01
QQFSAKAGPAR,0,HLA-A68:01
FLLWKATGV,0,HLA-A02:01
LLAPLIATL,0,HLA-A02:01
WVDPEDLYKGY,0,HLA-A01:01
IAADGEFLY,0,HLA-A01:01
FLYELEEKMEV,0,HLA-A02:01
IMGQQPAPQV,0,HLA-A02:01
AISMRIVSV,0,HLA-B08:01
GESSAISMRI,0,HLA-B44:02
FAWEPFVAQF,0,HLA-B15:01
YLDGKVVDY,1,HLA-A01:01
LWAWVTICL,0,HLA-A23:01
LWAWVTICLL,0,HLA-A23:01
ILPGVFSKL,0,HLA-A02:01
CSDSGKSFINY,0,HLA-A01:01
SELKATVEL,0,HLA-B44:02
FMAIRNSL,0,HLA-B08:01
MKYPRLCIL,0,HLA-B08:01
LVYQFKDMLK,0,HLA-A03:01
FTQEDPQMVY,0,HLA-A01:01
CTFCPPPLPK,0,HLA-A68:01
TLFHDLWKL,0,HLA-A02:01
ILFRTPSVAK,1,HLA-A03:01
KLLSEFFSC,0,HLA-A02:01
KLLSEFFSCL,0,HLA-A02:01
LLSEFFSCL,0,HLA-A02:01
VLWISAFMV,0,HLA-A02:01
SLINSTVIV,0,HLA-A02:01
LLLSSLGYL,0,HLA-A02:01
RVDFSATWYK,0,HLA-A03:01
LFWSDNWREI,0,HLA-A23:01
LFWSDNWREIL,0,HLA-A23:01
RLLFWSDNW,0,HLA-A23:01
FSEAGIHY,0,HLA-A01:01
LLNDASFISV,0,HLA-A02:01
YLLNDASPI,0,HLA-A02:01
YLYCYGYWKK,0,HLA-A03:01
GQFGKVWMA,0,HLA-A02:01
ATRYNYTSEK,1,HLA-A03:01
STLPLEKLPY,0,HLA-A01:01
LPLEKLPYL,0,HLA-B08:01
YLAVDALEL,0,HLA-A02:01
KLINSQINL,0,HLA-A02:01
ILGYWIRTSK,0,HLA-A03:01
LLLPLSVARPL,0,HLA-A02:01
NSLLLLPLSV,0,HLA-A02:01
SLLLLPLSV,0,HLA-A02:01
SLLLLPLSVA,0,HLA-A02:01
LLAELPASVHV,0,HLA-A02:01
DVFAWEPFV,0,HLA-A02:01
FSAVNSLIQR,0,HLA-A68:01
HALRRHYHL,1,HLA-B08:01
ELKFYVNHL,0,HLA-B08:01
SSDCSAWY,0,HLA-A01:01
SSDCSAWYM,0,HLA-A01:01
FTADQKVVY,0,HLA-A01:01
KLRDEISLAK,1,HLA-A03:01
ITNFYETAMR,0,HLA-A68:01
TNFYETAMR,0,HLA-A68:01
QLDVSRLWY,0,HLA-A01:01
CWLPFHLSRIL,0,HLA-A23:01
VTPRSMNAETY,0,HLA-A01:01
LEYFFCDHQEL,0,HLA-B44:02
ATYKGVPYEVK,1,HLA-A03:01
FATCLGLFY,0,HLA-A01:01
DTDSRFISY,0,HLA-A01:01
FIWLATRRV,0,HLA-A02:01
YGYSRVNPM,0,HLA-B08:01
AVLGSFSYV,0,HLA-A02:01
ATFEEWFPQR,0,HLA-A68:01
ATDTNNLNVNY,1,HLA-A01:01
DTNNLNVNY,0,HLA-A26:01
RTKYDFTWFK,0,HLA-A03:01
VSLGPRLQWY,0,HLA-A01:01
SLGPRLQWYL,0,HLA-B08:01
FIAEQILATL,0,HLA-A02:01
ALDHMFMYFL,1,HLA-A02:01
FSSPTHSLY,0,HLA-A01:01
FSSPTHSLYV,0,HLA-A01:01
IFSSPTHSLY,0,HLA-A01:01
KSFKEIKLW,1,HLA-B57:01
ATLFSDSWYY,0,HLA-A01:01
VSCRSVWEY,0,HLA-A01:01
FLGSLLILV,1,HLA-A02:01
FLGSLLILVV,0,HLA-A02:01
SERVLTEIF,0,HLA-B44:02
YTFSTEIAKF,0,HLA-A26:01
QLKMKKLSA,0,HLA-B08:01
ILDTAGHEEY,1,HLA-A01:01
AVYCACFVEL,0,HLA-A02:01
ASSFLKSFY,0,HLA-A01:01
FTASSFLKSFY,0,HLA-A01:01
QLVMVLVGGL,0,HLA-A02:01
FTNESYLELY,1,HLA-A01:01
KLSFLVMII,0,HLA-A02:01
KTLGIKLSFL,0,HLA-A02:01
TLGIKLSFLV,0,HLA-A02:01
KTLGIKLSF,0,HLA-B57:01
NLNCCSVPV,0,HLA-A02:01
SSDLFLNGGPY,0,HLA-A01:01
KVYDIAFSR,0,HLA-A03:01
ALKEIIPQCI,0,HLA-A02:01
EIIPQCIAR,1,HLA-A68:01
KEIIPQCI,0,HLA-B44:02
KEIIPQCIA,0,HLA-B44:02
LSGSDNVLY,0,HLA-A01:01
GQEGKYDLLV,0,HLA-A02:01
KLLNCPCPA,0,HLA-A02:01
LSDGPSMGRY,1,HLA-A01:01
ILPFFYLGSA,0,HLA-A02:01
DTIDVSKLNR,1,HLA-A68:01
GEEVLLHAF,0,HLA-B44:02
ALPPTVYEV,1,HLA-A02:01
LALPPTVYEV,0,HLA-A02:01
YLALPPTVYEV,0,HLA-A02:01
YLYHRVDVI,1,HLA-A02:01
EYFRYLYHR,0,HLA-A68:01
LVAVFRWAV,0,HLA-A02:01
KTLMEVMSKI,0,HLA-A02:01
TLMEVMSKI,0,HLA-A02:01
FMENIMEM,0,HLA-A02:01
LLHSGVIGA,0,HLA-A02:01
LLHSGVIGAV,0,HLA-A02:01
RIYGFSFPDPK,0,HLA-A03:01
RVYDALNLL,1,HLA-A02:01
KYGEFYKSL,0,HLA-A23:01
RLDGFFKNAV,0,HLA-A02:01
LSLAGSDCFW,0,HLA-B57:01
MVKQQISKL,0,HLA-B08:01
RLKQEKAFSL,0,HLA-B08:01
FVLEHEDGL,0,HLA-A02:01
KAWENFPNV,1,HLA-A02:01
MESARKAWENF,0,HLA-B44:02
YITKRIIAV,0,HLA-A02:01
ALWEAFYRQNL,0,HLA-A02:01
RTDKVRALW,0,HLA-B57:01
DARRQHVSRL,0,HLA-B08:01
SRLMKCVRL,0,HLA-B08:01
SRLMKCVRLPL,0,HLA-B08:01
KMGKTIYKYV,0,HLA-A02:01
KTIYKYVHL,0,HLA-A02:01
MPKMGKTIYK,0,HLA-A68:01
KALDPHSGHFV,0,HLA-A02:01
ALDPHSGHF,0,HLA-B15:01
ALDPHSGHFV,1,HLA-A02:01
SLSEARQDV,0,HLA-A02:01
CVDWLIAVY,0,HLA-A01:01
RCVDWLIAVY,0,HLA-A01:01
FLSELEASV,0,HLA-A02:01
IFLSELEASV,0,HLA-A02:01
ATNYIYVLNK,0,HLA-A03:01
LMMHSATSA,0,HLA-A02:01
LMMHSATSAT,0,HLA-A02:01
LMMHSATSATV,0,HLA-A02:01
VLMMHSATSA,0,HLA-A02:01
HALDKARTR,0,HLA-A68:01
RIPRTVGQK,0,HLA-A03:01
EESSNNLTKF,0,HLA-B44:02
FVFSKYCHR,0,HLA-A68:01
KLHVASLSFR,0,HLA-A03:01
WGKLHVASL,0,HLA-B08:01
PSAEVEMTFY,0,HLA-A01:01
KAPVGHFYK,0,HLA-A03:01
ASFFGVHSK,0,HLA-A03:01